{
  "$schema": "https://schema.management.azure.com/schemas/2015-01-01/deploymentTemplate.json#",
  "contentVersion": "1.0.0.0",
  "parameters": {
    "logicAppName": {
      "type": "string",
      "minLength": 1,
      "maxLength": 80,
      "metadata": {
        "description": "Name of the Logic App."
      }
    },
    "logicAppLocation": {
      "type": "string",
      "defaultValue": "[resourceGroup().location]",
      "allowedValues": [
        "[resourceGroup().location]",
        "eastasia",
        "southeastasia",
        "centralus",
        "eastus",
        "eastus2",
        "westus",
        "northcentralus",
        "southcentralus",
        "northeurope",
        "westeurope",
        "japanwest",
        "japaneast",
        "brazilsouth",
        "australiaeast",
        "australiasoutheast",
        "southindia",
        "centralindia",
        "westindia",
        "canadacentral",
        "canadaeast",
        "uksouth",
        "ukwest",
        "westcentralus",
        "westus2",
        "koreacentral",
        "koreasouth",
        "francecentral",
        "francesouth",
        "uaecentral",
        "uaenorth",
        "southafricanorth",
        "southafricawest",
        "switzerlandnorth",
        "switzerlandwest",
        "germanynorth",
        "germanywestcentral",
        "norwayeast",
        "brazilsoutheast"
      ],
      "metadata": {
        "description": "Location of the Logic App."
      }
    },
    "office365_1_Connection_Name": {
      "type": "string",
      "defaultValue": "office365"
    },
    "office365_1_Connection_DisplayName": {
      "type": "string",
      "defaultValue": "sunil.sarangi@ad.infosys.com"
    }
  },
  "variables": {},
  "resources": [
    {
      "name": "[parameters('logicAppName')]",
      "type": "Microsoft.Logic/workflows",
      "location": "[parameters('logicAppLocation')]",
      "tags": {
        "displayName": "LogicApp"
      },
      "apiVersion": "2016-06-01",
      "properties": {
        "definition": {
          "$schema": "https://schema.management.azure.com/providers/Microsoft.Logic/schemas/2016-06-01/workflowdefinition.json#",
          "actions": {
            "Response": {
              "type": "Response",
              "inputs": {
                "statusCode": 200
              },
              "runAfter": {}
            },
            "Initialize_Order_Status": {
              "type": "InitializeVariable",
              "inputs": {
                "variables": [
                  {
                    "name": "orderStatus",
                    "type": "string"
                  }
                ]
              },
              "runAfter": {
                "Response": [
                  "Succeeded"
                ]
              }
            },
            "GetOrder": {
              "type": "Http",
              "inputs": {
                "method": "GET",
                "uri": "@{concat('https://infyvirto.azurewebsites.net/api/order/customerOrders/',triggerBody()?['data']?['ObjectId'])}",
                "headers": {
                  "api_Key": "56df44a0-0f28-48bd-a843-dddd3a24ade8"
                }
              },
              "runAfter": {
                "Initialize_Converted_Price": [
                  "Succeeded"
                ]
              }
            },
            "Condition": {
              "type": "If",
              "expression": {
                "and": [
                  {
                    "equals": [
                      "@toUpper(coalesce(body('GetOrder')?['status'],'N/A'))",
                      "PAID"
                    ]
                  }
                ]
              },
              "actions": {
                "Send_approval_email": {
                  "type": "ApiConnectionWebhook",
                  "inputs": {
                    "host": {
                      "connection": {
                        "name": "@parameters('$connections')['office365']['connectionId']"
                      }
                    },
                    "body": {
                      "NotificationUrl": "@{listCallbackUrl()}",
                      "Message": {
                        "To": "sunil.sarangi@infosys.com",
                        "Subject": "@{concat('Oreder ', body('GetOrder')['number'],' Approval Request')}",
                        "Options": "Approve, Reject",
                        "HeaderText": "@{concat('Oreder ', body('GetOrder')['number'],' Approval Request')}",
                        "Importance": "Normal",
                        "HideHTMLMessage": false,
                        "ShowHTMLConfirmationDialog": false
                      }
                    },
                    "path": "/approvalmail/$subscriptions"
                  },
                  "runAfter": {}
                },
                "Switch": {
                  "type": "Switch",
                  "expression": "@body('Send_approval_email')?['SelectedOption']",
                  "cases": {
                    "Approve": {
                      "case": "Approve",
                      "actions": {
                        "Set_Order_Status_Approved": {
                          "type": "SetVariable",
                          "inputs": {
                            "name": "orderStatus",
                            "value": "Processing"
                          },
                          "runAfter": {}
                        }
                      }
                    },
                    "Reject": {
                      "case": "Rject",
                      "actions": {
                        "Set_Order_Status_Cancelled": {
                          "type": "SetVariable",
                          "inputs": {
                            "name": "orderStatus",
                            "value": "Cancelled"
                          },
                          "runAfter": {}
                        }
                      }
                    }
                  },
                  "default": {
                    "actions": {}
                  },
                  "runAfter": {
                    "Send_approval_email": [
                      "Succeeded"
                    ]
                  }
                },
                "Save_Order": {
                  "type": "Http",
                  "inputs": {
                    "method": "PUT",
                    "uri": "https://infyvirto.azurewebsites.net/api/order/customerOrders",
                    "headers": {
                      "api_Key": "56df44a0-0f28-48bd-a843-dddd3a24ade8"
                    },
                    "body": "@outputs('Compose_Order_status')"
                  },
                  "runAfter": {
                    "Compose_Order_status": [
                      "Succeeded"
                    ]
                  }
                },
                "Set_Converted_Price": {
                  "type": "SetVariable",
                  "inputs": {
                    "name": "convertedPrice",
                    "value": "@body('CurrencyConvert')"
                  },
                  "runAfter": {
                    "CurrencyConvert": [
                      "Succeeded"
                    ]
                  }
                },
                "CurrencyConvert": {
                  "type": "Function",
                  "inputs": {
                    "body": {
                      "price": "@coalesce(body('GetOrder')?['sum'],'0')"
                    },
                    "function": {
                      "id": "/subscriptions/1254faf5-21ff-4e70-8cc2-2cf74b47e7e5/resourceGroups/IntegrationVirto/providers/Microsoft.Web/sites/CurrencyConvertVirto/functions/CurrencyConvert"
                    }
                  },
                  "runAfter": {
                    "Switch": [
                      "Succeeded"
                    ]
                  }
                },
                "Compose_Order_status": {
                  "type": "Compose",
                  "inputs": "@setProperty(outputs('Compose_Converted_Price'), 'status', variables('orderStatus'))",
                  "runAfter": {
                    "Compose_Converted_Price": [
                      "Succeeded"
                    ]
                  }
                },
                "Compose_Converted_Price": {
                  "type": "Compose",
                  "inputs": "@setProperty(body('GetOrder'), 'sum', variables('convertedPrice'))",
                  "runAfter": {
                    "Set_Converted_Price": [
                      "Succeeded"
                    ]
                  }
                },
                "HTTP": {
                  "type": "Http",
                  "inputs": {
                    "method": "GET",
                    "uri": "@{concat('https://infyvirto.azurewebsites.net/api/order/customerOrders/',triggerBody()?['data']?['ObjectId'])}",
                    "headers": {
                      "api_Key": "56df44a0-0f28-48bd-a843-dddd3a24ade8"
                    }
                  },
                  "runAfter": {
                    "Save_Order": [
                      "Succeeded"
                    ]
                  }
                }
              },
              "runAfter": {
                "GetOrder": [
                  "Succeeded"
                ]
              }
            },
            "Initialize_Converted_Price": {
              "type": "InitializeVariable",
              "inputs": {
                "variables": [
                  {
                    "name": "convertedPrice",
                    "type": "float"
                  }
                ]
              },
              "runAfter": {
                "Initialize_Order_Status": [
                  "Succeeded"
                ]
              }
            }
          },
          "parameters": {
            "$connections": {
              "defaultValue": {},
              "type": "Object"
            }
          },
          "triggers": {
            "request": {
              "type": "Request",
              "kind": "Http",
              "inputs": {
                "schema": {
                  "properties": {
                    "data": {
                      "properties": {
                        "EventId": {
                          "type": "string"
                        },
                        "ObjectId": {
                          "type": "string"
                        },
                        "ObjectType": {
                          "type": "string"
                        }
                      },
                      "type": "object"
                    },
                    "id": {
                      "type": "string"
                    },
                    "source": {
                      "type": "string"
                    },
                    "specversion": {
                      "type": "string"
                    },
                    "time": {
                      "type": "string"
                    },
                    "traceparent": {
                      "type": "string"
                    },
                    "type": {
                      "type": "string"
                    }
                  },
                  "type": "object"
                }
              }
            }
          },
          "contentVersion": "1.0.0.0",
          "outputs": {}
        },
        "parameters": {
          "$connections": {
            "value": {
              "office365": {
                "id": "[concat(subscription().id, '/providers/Microsoft.Web/locations/', parameters('logicAppLocation'), '/managedApis/', 'office365')]",
                "connectionId": "[resourceId('Microsoft.Web/connections', parameters('office365_1_Connection_Name'))]",
                "connectionName": "[parameters('office365_1_Connection_Name')]"
              }
            }
          }
        }
      },
      "dependsOn": [
        "[resourceId('Microsoft.Web/connections', parameters('office365_1_Connection_Name'))]"
      ]
    },
    {
      "type": "MICROSOFT.WEB/CONNECTIONS",
      "apiVersion": "2018-07-01-preview",
      "name": "[parameters('office365_1_Connection_Name')]",
      "location": "[parameters('logicAppLocation')]",
      "properties": {
        "api": {
          "id": "[concat(subscription().id, '/providers/Microsoft.Web/locations/', parameters('logicAppLocation'), '/managedApis/', 'office365')]"
        },
        "displayName": "[parameters('office365_1_Connection_DisplayName')]"
      }
    }
  ],
  "outputs": {}
}